"rowname","F","Df","Df.res","Pr(>F)"
"bkgrd",63.975783728569,1,159.884480681946,2.39694712150555e-13
"origin",3.69797411256881,1,7.65859437812668,0.0923198840420031
"treatment",7.97799337666613,1,161.130700194714,0.00533348005704833
